<HotelValuedAvailRQ echoToken="DummyEchoToken" sessionId="DummySessionId" xmlns="http://www.hotelbeds.com/schemas/2005/06/messages" xmlns:xsi="http://www.w3.org/2001/XMLSchema-instance" xsi:schemaLocation="http://www.hotelbeds.com/schemas/2005/06/messages ../xsd/HotelValuedAvailRQ.xsd" version="2013/12">
	<Language>ENG</Language>
	<Credentials>
		<User>PANORAMTOUID64884</User>
		<Password>PANORAMTOUID64884</Password>
	</Credentials>
	<PaginationData pageNumber="1"/>
	<CheckInDate date="20130509"/>
	<CheckOutDate date="20130511"/>
	<Destination code="PMI" type="SIMPLE"/>
	<OccupancyList>
		<HotelOccupancy>
			<RoomCount>1</RoomCount>
			<Occupancy>
				<AdultCount>2</AdultCount>
				<ChildCount>0</ChildCount>
			</Occupancy>
		</HotelOccupancy>
	</OccupancyList>
</HotelValuedAvailRQ>
