<PurchaseDetailRS xmlns="http://www.hotelbeds.com/schemas/2005/06/messages" xmlns:xsi="http://www.w3.org/2001/XMLSchema-instance ../xsd/PurchaseDetailRS.xsd"  echoToken="DummyEchoToken">
	<AuditData>
		<ProcessTime>1508</ProcessTime>
		<Timestamp>2013-01-16 10:16:26.391</Timestamp>
		<RequestHost>10.0.44.157</RequestHost>
		<ServerName>DEVEL</ServerName>
		<ServerId>DV</ServerId>
		<SchemaRelease>2005/06</SchemaRelease>
		<HydraCoreRelease>2.0.201301021600</HydraCoreRelease>
		<HydraEnumerationsRelease>1.0.201301021600</HydraEnumerationsRelease>
		<MerlinRelease>N/A</MerlinRelease>
	</AuditData>
	<Purchase purchaseToken="DV101626004" timeToExpiration="1799754">
		<Reference>
			<FileNumber>339458</FileNumber>
			<IncomingOffice code="1"/>
		</Reference>
		<Status>BOOKING</Status>
		<Agency>
			<Code>30543</Code>
			<Branch>1</Branch>
		</Agency>
		<Language>ENG</Language>
		<CreationDate date="20061218"/>
		<Holder type="AD">
			<Age>0</Age>
			<Name>TEST</Name>
			<LastName>TEST</LastName>
		</Holder>
		<AgencyReference>TEST</AgencyReference>
		<ServiceList>
			<Service xsi:type="ServiceHotel" SPUI="1#H#1">
				<Reference>
					<FileNumber>339458-H1</FileNumber>
					<IncomingOffice code="1"/>
				</Reference>
				<Status>CONFIRMED</Status>
				<ContractList>
					<Contract>
						<Name>CGM-VARIOS</Name>
						<IncomingOffice code="1"/>
					</Contract>
				</ContractList>
				<Supplier name="HOTELBEDS ESPAÑA" vatNumber="B28916765"/>
				<DateFrom date="20130118"/>
				<DateTo date="20130119"/>
				<Currency code="EUR">Euro</Currency>
				<TotalAmount>29.780</TotalAmount>
				<AdditionalCostList>
					<AdditionalCost type="AG_COMMISSION">
						<Price>
							<Amount>4.172</Amount>
						</Price>
					</AdditionalCost>
					<AdditionalCost type="COMMISSION_VAT">
						<Price>
							<Amount>0.670</Amount>
						</Price>
					</AdditionalCost>
				</AdditionalCostList>
				<ModificationPolicyList>
					<ModificationPolicy>Cancellation</ModificationPolicy>
					<ModificationPolicy>Confirmation</ModificationPolicy>
					<ModificationPolicy>Modification</ModificationPolicy>
				</ModificationPolicyList>
				<HotelInfo xsi:type="ProductHotel">
					<Code>5322</Code>
					<Name>Monaco</Name>
					<Category type="SIMPLE" code="1EST">1 STAR</Category>
					<Destination type="SIMPLE" code="PMI">
						<Name>Majorca</Name>
						<ZoneList>
							<Zone type="SIMPLE" code="75">El Arenal</Zone>
						</ZoneList>
					</Destination>
				</HotelInfo>
				<AvailableRoom>
					<HotelOccupancy>
						<RoomCount>1</RoomCount>
						<Occupancy>
							<AdultCount>2</AdultCount>
							<ChildCount>0</ChildCount>
							<GuestList>
								<Customer type="AD">
									<CustomerId>2</CustomerId>
									<Age>30</Age>
								</Customer>
								<Customer type="AD">
									<CustomerId>1</CustomerId>
									<Age>30</Age>
									<Name>test</Name>
									<LastName>test</LastName>
								</Customer>
							</GuestList>
						</Occupancy>
					</HotelOccupancy>
					<HotelRoom SHRUI="Lpm4fLMWa93TSudeFTsYCQ==" availCount="1" status="CONFIRMED">
						<Board type="SIMPLE" code="HD-E10">BED AND BREAKFAST</Board>
						<RoomType type="SIMPLE" code="DBL-E10" characteristic="ST">DOBLE</RoomType>
						<Price>
							<Amount>29.780</Amount>
						</Price>
						<CancellationPolicy>
							<Price>
								<Amount>29.780</Amount>
								<DateTimeFrom date="20130116" time="0000"/>
								<DateTimeTo date="20130118"/>
							</Price>
						</CancellationPolicy>
					</HotelRoom>
				</AvailableRoom>
			</Service>
		</ServiceList>
		<CancelProtection>
			<Status>CONFIRMED</Status>
			<Price>
				<Amount>11.500</Amount>
			</Price>
			<ModificationPolicyList>
				<ModificationPolicy>Cancellation</ModificationPolicy>
				<ModificationPolicy>Confirmation</ModificationPolicy>
			</ModificationPolicyList>
			<CancellationPolicy>
				<Price>
					<Amount>11.500</Amount>
					<DateTimeFrom date="20130116"/>
					<DateTimeTo date="20130118"/>
				</Price>
			</CancellationPolicy>
			<CommentList>
				<Comment type="CONTRACT">Si necesita anular la reserva debe llamar al 902 24 02 03 e indicar nuestro n&#250;mero de p&#243;liza:  1/26/5237758

Documentaci&#243;n necesaria para reclarmar el reembolso: 
1- Carta del asegurado a Intermundial explicando lo sucedido 
2- Bono de viaje donde se refleje la contrataci&#243;n del seguro o confirmaci&#243;n de la reserva con el precio total. 
3- Factura de los gastos de anulaci&#243;n facilitados por la agencia. 
4- Toda documentaci&#243;n que acredite la causa justificada para la anulaci&#243;n del viaje: certificado m&#233;dico, de defunci&#243;n, denuncia en comisar&#237;a, comunicado de despido, etc,...

Los documentos aportados se enviar&#225;n a:

Intermundial Seguros
Ir&#250;n, 7
28008- Madrid

o a siniestros@intermundial.es</Comment>
			</CommentList>
			<AdditionalCostList>
				<AdditionalCost type="AG_COMMISSION">
					<Price>
						<Amount>1.610</Amount>
					</Price>
				</AdditionalCost>
				<AdditionalCost type="COMMISSION_VAT">
					<Price>
						<Amount>0.260</Amount>
					</Price>
				</AdditionalCost>
			</AdditionalCostList>
		</CancelProtection>
		<Currency code="EUR"/>
		<TotalPrice>41.280</TotalPrice>
	</Purchase>
</PurchaseDetailRS>
