<ServiceAddRQ xmlns="http://www.hotelbeds.com/schemas/2005/06/messages" xmlns:xsi="http://www.w3.org/2001/XMLSchema-instance" xsi:schemaLocation="http://www.hotelbeds.com/schemas/2005/06/messages ../xsd/ServiceAddRQ.xsd" echoToken="DummyEchoToken" version="2013/12">
	<Language>CAS</Language>
	<Credentials>
		<User>16783</User>
		<Password>16783</Password>
	</Credentials>
	<Service xsi:type="ServiceTicket" availToken="mSaQXYr3nZlc5XjSoU/jcw==">
		<ContractList>
			<Contract>
				<Name>NATURA PARC</Name>
				<IncomingOffice code="1"/>
			</Contract>
		</ContractList>
		<DateFrom date="20140626"/>
		<DateTo date="20140626"/>
		<TicketInfo xsi:type="ProductTicket">
			<Code>PALMAAQUAR</Code>
			<Destination type="SIMPLE" code="PMI"/>
		</TicketInfo>
		<AvailableModality code="0#GENERAL">
			<Name>Entrada General</Name>
			<Contract>
				<Name>PALMA AQUARIUM</Name>
				<IncomingOffice code="1"/>
			</Contract>
		</AvailableModality>
		<Paxes xsi:type="ServiceOccupancy">
			<AdultCount>2</AdultCount>
			<ChildCount>0</ChildCount>
		</Paxes>
	</Service>
</ServiceAddRQ>

