<TicketValuationRQ xmlns="http://www.hotelbeds.com/schemas/2005/06/messages" xmlns:xsi="http://www.w3.org/2001/XMLSchema-instance ../xsd/TicketValuationRQ.xsd" version="2013/12">
	<Language>ENG</Language>
	<Credentials>
		<User>TEST</User>
		<Password>TEST</Password>
	</Credentials>
	<AvailToken>baJNknypviUi+psO68/NDw==</AvailToken>
	<ServiceOccupancy>
		<AdultCount>2</AdultCount>
		<ChildCount>0</ChildCount>
	</ServiceOccupancy>
	<DateFrom date="20130309"/>
	<DateTo date="20130309"/>
	<ModalityCode>"GENERAL</ModalityCode>
	<TicketCode>CITYSIGHTS</TicketCode>
</TicketValuationRQ>
