<TicketAvailRQ echoToken="DummyEchoToken" sessionId="DummySessionId" xmlns="http://www.hotelbeds.com/schemas/2005/06/messages" xmlns:xsi="http://www.w3.org/2001/XMLSchema-instance ../xsd/TicketAvailRQ.xsd" version="2013/12">
	<Language>ENG</Language>
	<Credentials>
		<User>TEST</User>
		<Password>TEST</Password>
	</Credentials>
	<PaginationData itemsPerPage="5" pageNumber="1"/>
	<ServiceOccupancy>
		<AdultCount>1</AdultCount>
		<ChildCount>0</ChildCount>
	</ServiceOccupancy>
	<Destination code="PMI" type="SIMPLE"/>
	<DateFrom date="20130509"/>
	<DateTo date="20130511"/>
</TicketAvailRQ>
