-- MySQL dump 10.13  Distrib 5.7.12, for linux-glibc2.5 (x86_64)
--
-- Host: 127.0.0.1    Database: dbseminar
-- ------------------------------------------------------
-- Server version	5.5.5-10.1.13-MariaDB

/*!40101 SET @OLD_CHARACTER_SET_CLIENT=@@CHARACTER_SET_CLIENT */;
/*!40101 SET @OLD_CHARACTER_SET_RESULTS=@@CHARACTER_SET_RESULTS */;
/*!40101 SET @OLD_COLLATION_CONNECTION=@@COLLATION_CONNECTION */;
/*!40101 SET NAMES utf8 */;
/*!40103 SET @OLD_TIME_ZONE=@@TIME_ZONE */;
/*!40103 SET TIME_ZONE='+00:00' */;
/*!40014 SET @OLD_UNIQUE_CHECKS=@@UNIQUE_CHECKS, UNIQUE_CHECKS=0 */;
/*!40014 SET @OLD_FOREIGN_KEY_CHECKS=@@FOREIGN_KEY_CHECKS, FOREIGN_KEY_CHECKS=0 */;
/*!40101 SET @OLD_SQL_MODE=@@SQL_MODE, SQL_MODE='NO_AUTO_VALUE_ON_ZERO' */;
/*!40111 SET @OLD_SQL_NOTES=@@SQL_NOTES, SQL_NOTES=0 */;

--
-- Table structure for table `fakultas`
--

DROP TABLE IF EXISTS `fakultas`;
/*!40101 SET @saved_cs_client     = @@character_set_client */;
/*!40101 SET character_set_client = utf8 */;
CREATE TABLE `fakultas` (
  `id_fakultas` int(11) NOT NULL AUTO_INCREMENT,
  `nama_fakultas` varchar(40) NOT NULL,
  `date_create` datetime DEFAULT NULL,
  `date_update` datetime DEFAULT NULL,
  `status_fakultas` varchar(2) NOT NULL DEFAULT '1',
  PRIMARY KEY (`id_fakultas`)
) ENGINE=InnoDB AUTO_INCREMENT=5 DEFAULT CHARSET=latin1;
/*!40101 SET character_set_client = @saved_cs_client */;

--
-- Dumping data for table `fakultas`
--

LOCK TABLES `fakultas` WRITE;
/*!40000 ALTER TABLE `fakultas` DISABLE KEYS */;
INSERT INTO `fakultas` VALUES (1,'FIKOM','2016-06-14 19:21:53','2016-06-20 13:30:12','1'),(2,'FASILKOM','2016-06-15 11:36:17','2016-06-15 11:39:00','1'),(3,'FPSI','2016-06-19 14:59:48',NULL,'1'),(4,'FDSK','2016-06-20 11:55:39',NULL,'1');
/*!40000 ALTER TABLE `fakultas` ENABLE KEYS */;
UNLOCK TABLES;

--
-- Table structure for table `jurusan_fakultas`
--

DROP TABLE IF EXISTS `jurusan_fakultas`;
/*!40101 SET @saved_cs_client     = @@character_set_client */;
/*!40101 SET character_set_client = utf8 */;
CREATE TABLE `jurusan_fakultas` (
  `id_jurusan_fakultas` int(11) NOT NULL AUTO_INCREMENT,
  `nama_jurusan` varchar(60) NOT NULL,
  `id_fakultas` varchar(5) NOT NULL,
  `date_create` datetime DEFAULT NULL,
  `date_update` datetime DEFAULT NULL,
  `status_jurusan` varchar(5) DEFAULT '1',
  PRIMARY KEY (`id_jurusan_fakultas`)
) ENGINE=InnoDB AUTO_INCREMENT=6 DEFAULT CHARSET=latin1;
/*!40101 SET character_set_client = @saved_cs_client */;

--
-- Dumping data for table `jurusan_fakultas`
--

LOCK TABLES `jurusan_fakultas` WRITE;
/*!40000 ALTER TABLE `jurusan_fakultas` DISABLE KEYS */;
INSERT INTO `jurusan_fakultas` VALUES (1,'TI','2','2016-06-20 11:59:18','2016-06-20 13:33:11','1'),(2,'SI','2','2016-06-27 14:16:20',NULL,'1'),(3,'PSIKOLOGI','3','2016-06-27 14:16:36',NULL,'1'),(4,'PUBLIC RELATION','1','2016-06-27 14:16:52',NULL,'1'),(5,'DESIGN KOMUNIKASI','1','2016-06-27 14:17:04',NULL,'1');
/*!40000 ALTER TABLE `jurusan_fakultas` ENABLE KEYS */;
UNLOCK TABLES;

--
-- Table structure for table `kategori_peserta`
--

DROP TABLE IF EXISTS `kategori_peserta`;
/*!40101 SET @saved_cs_client     = @@character_set_client */;
/*!40101 SET character_set_client = utf8 */;
CREATE TABLE `kategori_peserta` (
  `id_kategori_peserta` int(11) NOT NULL AUTO_INCREMENT,
  `kategori_peserta` int(11) NOT NULL,
  `create_date_kategori_peserta` date NOT NULL,
  `update_date_kategori_peserta` date NOT NULL,
  PRIMARY KEY (`id_kategori_peserta`)
) ENGINE=InnoDB DEFAULT CHARSET=latin1;
/*!40101 SET character_set_client = @saved_cs_client */;

--
-- Dumping data for table `kategori_peserta`
--

LOCK TABLES `kategori_peserta` WRITE;
/*!40000 ALTER TABLE `kategori_peserta` DISABLE KEYS */;
/*!40000 ALTER TABLE `kategori_peserta` ENABLE KEYS */;
UNLOCK TABLES;

--
-- Table structure for table `kategori_user`
--

DROP TABLE IF EXISTS `kategori_user`;
/*!40101 SET @saved_cs_client     = @@character_set_client */;
/*!40101 SET character_set_client = utf8 */;
CREATE TABLE `kategori_user` (
  `id_kategori_user` int(11) NOT NULL AUTO_INCREMENT,
  `nama_kategori_user` varchar(100) NOT NULL,
  `create_date_kategori_user` date NOT NULL,
  `update_date_kategori_user` date DEFAULT NULL,
  PRIMARY KEY (`id_kategori_user`)
) ENGINE=MyISAM AUTO_INCREMENT=15 DEFAULT CHARSET=latin1;
/*!40101 SET character_set_client = @saved_cs_client */;

--
-- Dumping data for table `kategori_user`
--

LOCK TABLES `kategori_user` WRITE;
/*!40000 ALTER TABLE `kategori_user` DISABLE KEYS */;
INSERT INTO `kategori_user` VALUES (1,'admin 234','2016-05-19','2016-05-23'),(3,'HIMMA update','2016-05-23','2016-05-23'),(4,'HImma 2','2016-05-23',NULL),(5,'HImma 3','2016-05-23',NULL),(6,'Himma 4','2016-05-23',NULL),(7,'HIMMA 5','2016-05-23',NULL),(8,'Hima laya','2016-05-23',NULL),(9,'Himaladada ahsd','2016-05-23',NULL),(10,'HImalaya 8908234','2016-05-23',NULL),(11,'Arif','2016-05-23',NULL),(12,'Himma Fasilkom','2016-05-24',NULL),(13,'sadasdas','2016-05-25',NULL),(14,'','2016-05-28',NULL);
/*!40000 ALTER TABLE `kategori_user` ENABLE KEYS */;
UNLOCK TABLES;

--
-- Table structure for table `mahasiswa`
--

DROP TABLE IF EXISTS `mahasiswa`;
/*!40101 SET @saved_cs_client     = @@character_set_client */;
/*!40101 SET character_set_client = utf8 */;
CREATE TABLE `mahasiswa` (
  `id_mahasiswa` int(11) NOT NULL AUTO_INCREMENT,
  `nama_depan` varchar(100) NOT NULL,
  `nama_belakang` varchar(100) DEFAULT NULL,
  `nim_mahasiswa` varchar(20) NOT NULL,
  `email_mahasiswa` varchar(175) NOT NULL,
  `alamat_mahasiswa` varchar(250) DEFAULT NULL,
  `telp_mahasiswa` varchar(14) DEFAULT NULL,
  `tipe_mahasiswa` varchar(5) CHARACTER SET big5 NOT NULL COMMENT 'untuk mengetahui,\n1 = reguler\n2 = paraler',
  `tahun_masuk` varchar(8) NOT NULL,
  `semester_mahasiswa` varchar(10) NOT NULL,
  `password_mahasiswa` varchar(150) NOT NULL,
  `id_jurusan_fak` varchar(5) NOT NULL,
  `photo_mahasiswa` varchar(200) DEFAULT NULL,
  `status_mahasiswa` varchar(15) DEFAULT '1',
  `date_create` datetime DEFAULT NULL,
  `date_update` datetime DEFAULT NULL,
  PRIMARY KEY (`id_mahasiswa`)
) ENGINE=InnoDB AUTO_INCREMENT=7 DEFAULT CHARSET=latin1;
/*!40101 SET character_set_client = @saved_cs_client */;

--
-- Dumping data for table `mahasiswa`
--

LOCK TABLES `mahasiswa` WRITE;
/*!40000 ALTER TABLE `mahasiswa` DISABLE KEYS */;
INSERT INTO `mahasiswa` VALUES (1,'Luqman','Hakim','4151412013712','luqman@gmail.com','jkarta','mament','1','2014','ganjil','NmZkNzQyYTYxYmQwMzQ4MDRjMDBjNDliMTgwNDUwMjA=','1','http://localhost/seminar3/assets/uploads/mahasiswa/display/100/150/e86yjfcqoq.jpg','1','2016-06-17 00:00:00',NULL),(2,'Luqman','Hakim','4151412','luqman@gmail.com','Jakarta Barat','090909','1','2015','ganjil','202cb962ac59075b964b07152d234b70','2','http://localhost/seminar3/assets/uploads/mahasiswa/display/100/150/955lu4ve1m.jpg','1','2016-06-18 00:00:00',NULL),(3,'Luqman','aja','6767','test@gmail.com','jakarta brat','098988','1','2016','genap','NmZkNzQyYTYxYmQwMzQ4MDRjMDBjNDliMTgwNDUwMjA=','2','http://localhost/seminar/assets/uploads/mahasiswa/display/100/150','1','2016-06-27 00:00:00',NULL),(4,'ssss','ssss','1234','sss@ddd.fd','ssss','11111','1','2016','ganjil','OGQ3NmJiMWZiMzQzNGFkMWNkNzAyMjlmMGM2N2I3MGQ=','1','http://localhost/seminar/assets/uploads/mahasiswa/display/100/150/no-photo.png','1','2016-06-27 00:00:00',NULL),(5,'sss','sss','123','s@ss.ss','saas','123','1','2016','ganjil','NmZkNzQyYTYxYmQwMzQ4MDRjMDBjNDliMTgwNDUwMjA=','2','http://localhost/seminar/assets/uploads/mahasiswa/display/100/150/no-photo.png','1','2016-06-27 00:00:00',NULL),(6,'san','san','1234567890','san@sa.sa','sa','1234567890','1','2016','ganjil','NmZkNzQyYTYxYmQwMzQ4MDRjMDBjNDliMTgwNDUwMjA=','4','http://localhost/seminar/assets/uploads/mahasiswa/display/100/150/no-photo.png','1','2016-06-27 00:00:00',NULL);
/*!40000 ALTER TABLE `mahasiswa` ENABLE KEYS */;
UNLOCK TABLES;

--
-- Table structure for table `order`
--

DROP TABLE IF EXISTS `order`;
/*!40101 SET @saved_cs_client     = @@character_set_client */;
/*!40101 SET character_set_client = utf8 */;
CREATE TABLE `order` (
  `id_order` int(11) NOT NULL AUTO_INCREMENT,
  `id_seminar` int(11) DEFAULT NULL,
  `id_mahasiswa` int(11) DEFAULT NULL,
  `id_ticket` int(11) DEFAULT NULL,
  `create_date` datetime DEFAULT NULL,
  PRIMARY KEY (`id_order`)
) ENGINE=InnoDB AUTO_INCREMENT=10 DEFAULT CHARSET=latin1;
/*!40101 SET character_set_client = @saved_cs_client */;

--
-- Dumping data for table `order`
--

LOCK TABLES `order` WRITE;
/*!40000 ALTER TABLE `order` DISABLE KEYS */;
INSERT INTO `order` VALUES (1,3,1234567890,131,'2016-06-29 10:53:19'),(2,1,1234567890,1,'2016-06-29 11:00:27'),(3,1,1234567890,1,'2016-06-29 11:00:45'),(4,1,1234567890,1,'2016-06-29 11:16:26'),(5,1,1234567890,1,'2016-06-29 11:18:46'),(6,1,1234567890,1,'2016-06-29 11:19:31'),(7,1,1234567890,1,'2016-06-29 11:20:32'),(8,1,1234567890,2,'2016-06-29 11:21:41'),(9,3,6,132,'2016-06-29 11:23:01');
/*!40000 ALTER TABLE `order` ENABLE KEYS */;
UNLOCK TABLES;

--
-- Table structure for table `peserta`
--

DROP TABLE IF EXISTS `peserta`;
/*!40101 SET @saved_cs_client     = @@character_set_client */;
/*!40101 SET character_set_client = utf8 */;
CREATE TABLE `peserta` (
  `id_peserta` int(11) NOT NULL AUTO_INCREMENT,
  `nama_peserta` varchar(50) NOT NULL,
  `password_peserta` varchar(100) NOT NULL,
  `email_peserta` varchar(100) NOT NULL,
  `alamat_peserta` varchar(200) NOT NULL,
  `nomor_telepon_peserta` varchar(15) NOT NULL,
  `nim_peserta` varchar(15) NOT NULL,
  `status_peserta` int(11) NOT NULL,
  `bukti_pembayaran_peserta` varchar(300) NOT NULL,
  `create_date_peserta` date NOT NULL,
  `update_date_peserta` date NOT NULL,
  PRIMARY KEY (`id_peserta`)
) ENGINE=InnoDB DEFAULT CHARSET=latin1;
/*!40101 SET character_set_client = @saved_cs_client */;

--
-- Dumping data for table `peserta`
--

LOCK TABLES `peserta` WRITE;
/*!40000 ALTER TABLE `peserta` DISABLE KEYS */;
/*!40000 ALTER TABLE `peserta` ENABLE KEYS */;
UNLOCK TABLES;

--
-- Table structure for table `seminar`
--

DROP TABLE IF EXISTS `seminar`;
/*!40101 SET @saved_cs_client     = @@character_set_client */;
/*!40101 SET character_set_client = utf8 */;
CREATE TABLE `seminar` (
  `id_seminar` int(11) NOT NULL AUTO_INCREMENT,
  `tema_seminar` varchar(200) NOT NULL,
  `jadwal_seminar` datetime NOT NULL,
  `pembicara_seminar` varchar(50) NOT NULL,
  `tempat_seminar` varchar(50) NOT NULL,
  `kuota_seminar` int(11) NOT NULL,
  `sisa_kuota` varchar(5) DEFAULT NULL,
  `untuk_kelas` varchar(5) NOT NULL COMMENT '1 = reguler\n2 = paralel',
  `semester_seminar` varchar(200) DEFAULT NULL COMMENT 'untuk semester 1 - 8 ',
  `jurusan_seminar` varchar(200) CHARACTER SET big5 DEFAULT NULL,
  `poster_seminar` varchar(200) NOT NULL,
  `sertifikat_seminar` varchar(200) DEFAULT NULL,
  `status_seminar` int(11) NOT NULL DEFAULT '1',
  `create_date_seminar` date NOT NULL,
  `update_date_seminar` date NOT NULL,
  PRIMARY KEY (`id_seminar`)
) ENGINE=MyISAM AUTO_INCREMENT=6 DEFAULT CHARSET=latin1;
/*!40101 SET character_set_client = @saved_cs_client */;

--
-- Dumping data for table `seminar`
--

LOCK TABLES `seminar` WRITE;
/*!40000 ALTER TABLE `seminar` DISABLE KEYS */;
INSERT INTO `seminar` VALUES (1,'MEMBANGUN','2016-06-30 13:19:00','ADHIWONGSO','A089',50,'50','1','4,6','1','http://localhost/seminar/assets/uploads/poster_seminar/display/250/400/vfxfbsgyza.jpg','http://localhost/seminar/assets/uploads/sertifikat_seminar/display/400/150/5rz6aze4gd.jpg',1,'2016-06-27','0000-00-00'),(2,'TESTER SEMINAR 2','2016-06-27 20:23:00','BANG ALI','A089',80,'80','1','6','1','http://localhost/seminar/assets/uploads/poster_seminar/display/250/400/6eglncfvya.jpg','http://localhost/seminar/assets/uploads/sertifikat_seminar/display/400/150/qmihdpx1pq.jpg',1,'2016-06-27','0000-00-00'),(3,'PENGEMBANGAN KARAKTER','2016-09-06 01:38:00','LUQMAN','A089',30,'30','2','2,4,6','1','http://localhost/seminar/assets/uploads/poster_seminar/display/250/400/2e84sbqhu8.jpg','http://localhost/seminar/assets/uploads/sertifikat_seminar/display/400/150/ds6vdgtup1.jpg',1,'2016-06-27','0000-00-00'),(4,'MEMBANGUN','1970-01-01 07:00:00','TESTER KETIGA','JAKARTA',90,'90','1','1,5','1','http://localhost/seminar/assets/uploads/poster_seminar/display/250/400/lodms43b1r.jpg','http://localhost/seminar/assets/uploads/sertifikat_seminar/display/400/150/k5l69xcbaj.jpg',1,'2016-06-27','0000-00-00'),(5,'PERJUANGAN BANGSA','1970-01-01 07:00:00','LUQMAN','JAKRTA',10,'10','1','3,6','4,1,3','http://localhost/seminar/assets/uploads/poster_seminar/display/250/400/cx7id8js1t.jpg','http://localhost/seminar/assets/uploads/sertifikat_seminar/display/400/150/9pe3bkerlg.jpg',1,'2016-06-27','0000-00-00');
/*!40000 ALTER TABLE `seminar` ENABLE KEYS */;
UNLOCK TABLES;

--
-- Table structure for table `ticket_manual`
--

DROP TABLE IF EXISTS `ticket_manual`;
/*!40101 SET @saved_cs_client     = @@character_set_client */;
/*!40101 SET character_set_client = utf8 */;
CREATE TABLE `ticket_manual` (
  `id_ticket` int(11) NOT NULL AUTO_INCREMENT,
  `id_seminar` varchar(10) DEFAULT NULL,
  `serial` varchar(20) DEFAULT NULL,
  `secret` varchar(20) DEFAULT NULL,
  `expire_time` int(11) DEFAULT NULL,
  `consume` int(3) DEFAULT '0',
  `used` tinyint(1) DEFAULT '0',
  `created_time` int(11) DEFAULT NULL,
  PRIMARY KEY (`id_ticket`),
  KEY `deal_id` (`id_seminar`)
) ENGINE=MyISAM AUTO_INCREMENT=261 DEFAULT CHARSET=latin1;
/*!40101 SET character_set_client = @saved_cs_client */;

--
-- Dumping data for table `ticket_manual`
--

LOCK TABLES `ticket_manual` WRITE;
/*!40000 ALTER TABLE `ticket_manual` DISABLE KEYS */;
INSERT INTO `ticket_manual` VALUES (1,'1','SEMINAR00010000','5770c5eeac509',NULL,1,0,1467008494),(2,'1','SEMINAR00010001','5770c5eeac881',NULL,1,0,1467008494),(3,'1','SEMINAR00010002','5770c5eeacb65',NULL,0,0,1467008494),(4,'1','SEMINAR00010003','5770c5eeacede',NULL,0,0,1467008494),(5,'1','SEMINAR00010004','5770c5eead182',NULL,0,0,1467008494),(6,'1','SEMINAR00010005','5770c5eead40b',NULL,0,0,1467008494),(7,'1','SEMINAR00010006','5770c5eead68d',NULL,0,0,1467008494),(8,'1','SEMINAR00010007','5770c5eead8f5',NULL,0,0,1467008494),(9,'1','SEMINAR00010008','5770c5eeadc39',NULL,0,0,1467008494),(10,'1','SEMINAR00010009','5770c5eeadf6c',NULL,0,0,1467008494),(11,'1','SEMINAR00010010','5770c5eeae245',NULL,0,0,1467008494),(12,'1','SEMINAR00010011','5770c5eeae53b',NULL,0,0,1467008494),(13,'1','SEMINAR00010012','5770c5eeae71c',NULL,0,0,1467008494),(14,'1','SEMINAR00010013','5770c5eeae92d',NULL,0,0,1467008494),(15,'1','SEMINAR00010014','5770c5eeaec6f',NULL,0,0,1467008494),(16,'1','SEMINAR00010015','5770c5eeaef12',NULL,0,0,1467008494),(17,'1','SEMINAR00010016','5770c5eeaf126',NULL,0,0,1467008494),(18,'1','SEMINAR00010017','5770c5eeaf3c5',NULL,0,0,1467008494),(19,'1','SEMINAR00010018','5770c5eeaf688',NULL,0,0,1467008494),(20,'1','SEMINAR00010019','5770c5eeaf929',NULL,0,0,1467008494),(21,'1','SEMINAR00010020','5770c5eeafba6',NULL,0,0,1467008494),(22,'1','SEMINAR00010021','5770c5eeafdcf',NULL,0,0,1467008494),(23,'1','SEMINAR00010022','5770c5eeb0006',NULL,0,0,1467008494),(24,'1','SEMINAR00010023','5770c5eeb0296',NULL,0,0,1467008494),(25,'1','SEMINAR00010024','5770c5eeb0512',NULL,0,0,1467008494),(26,'1','SEMINAR00010025','5770c5eeb073d',NULL,0,0,1467008494),(27,'1','SEMINAR00010026','5770c5eeb0971',NULL,0,0,1467008494),(28,'1','SEMINAR00010027','5770c5eeb0ba8',NULL,0,0,1467008494),(29,'1','SEMINAR00010028','5770c5eeb0ddc',NULL,0,0,1467008494),(30,'1','SEMINAR00010029','5770c5eeb0fdf',NULL,0,0,1467008494),(31,'1','SEMINAR00010030','5770c5eeb11b5',NULL,0,0,1467008494),(32,'1','SEMINAR00010031','5770c5eeb13e0',NULL,0,0,1467008494),(33,'1','SEMINAR00010032','5770c5eeb160f',NULL,0,0,1467008494),(34,'1','SEMINAR00010033','5770c5eeb1878',NULL,0,0,1467008494),(35,'1','SEMINAR00010034','5770c5eeb1b02',NULL,0,0,1467008494),(36,'1','SEMINAR00010035','5770c5eeb1de2',NULL,0,0,1467008494),(37,'1','SEMINAR00010036','5770c5eeb2033',NULL,0,0,1467008494),(38,'1','SEMINAR00010037','5770c5eeb2294',NULL,0,0,1467008494),(39,'1','SEMINAR00010038','5770c5eeb250f',NULL,0,0,1467008494),(40,'1','SEMINAR00010039','5770c5eeb2799',NULL,0,0,1467008494),(41,'1','SEMINAR00010040','5770c5eeb2a96',NULL,0,0,1467008494),(42,'1','SEMINAR00010041','5770c5eeb3080',NULL,0,0,1467008494),(43,'1','SEMINAR00010042','5770c5eeb3463',NULL,0,0,1467008494),(44,'1','SEMINAR00010043','5770c5eeb3875',NULL,0,0,1467008494),(45,'1','SEMINAR00010044','5770c5eeb3d5d',NULL,0,0,1467008494),(46,'1','SEMINAR00010045','5770c5eeb4130',NULL,0,0,1467008494),(47,'1','SEMINAR00010046','5770c5eeb43e0',NULL,0,0,1467008494),(48,'1','SEMINAR00010047','5770c5eeb470f',NULL,0,0,1467008494),(49,'1','SEMINAR00010048','5770c5eeb49a3',NULL,0,0,1467008494),(50,'1','SEMINAR00010049','5770c5eeb4cfb',NULL,0,0,1467008494),(51,'2','SEMINAR00020000','5770c68e8d5df',NULL,0,0,1467008654),(52,'2','SEMINAR00020001','5770c68e8d803',NULL,0,0,1467008654),(53,'2','SEMINAR00020002','5770c68e8d9fb',NULL,0,0,1467008654),(54,'2','SEMINAR00020003','5770c68e8dc14',NULL,0,0,1467008654),(55,'2','SEMINAR00020004','5770c68e8de29',NULL,0,0,1467008654),(56,'2','SEMINAR00020005','5770c68e8e038',NULL,0,0,1467008654),(57,'2','SEMINAR00020006','5770c68e8e246',NULL,0,0,1467008654),(58,'2','SEMINAR00020007','5770c68e8e453',NULL,0,0,1467008654),(59,'2','SEMINAR00020008','5770c68e8e65c',NULL,0,0,1467008654),(60,'2','SEMINAR00020009','5770c68e8e864',NULL,0,0,1467008654),(61,'2','SEMINAR00020010','5770c68e8ead2',NULL,0,0,1467008654),(62,'2','SEMINAR00020011','5770c68e8ece0',NULL,0,0,1467008654),(63,'2','SEMINAR00020012','5770c68e8ee9d',NULL,0,0,1467008654),(64,'2','SEMINAR00020013','5770c68e8f062',NULL,0,0,1467008654),(65,'2','SEMINAR00020014','5770c68e8f242',NULL,0,0,1467008654),(66,'2','SEMINAR00020015','5770c68e8f43f',NULL,0,0,1467008654),(67,'2','SEMINAR00020016','5770c68e8f714',NULL,0,0,1467008654),(68,'2','SEMINAR00020017','5770c68e8f97b',NULL,0,0,1467008654),(69,'2','SEMINAR00020018','5770c68e8fbd6',NULL,0,0,1467008654),(70,'2','SEMINAR00020019','5770c68e8fe7c',NULL,0,0,1467008654),(71,'2','SEMINAR00020020','5770c68e900d5',NULL,0,0,1467008654),(72,'2','SEMINAR00020021','5770c68e902eb',NULL,0,0,1467008654),(73,'2','SEMINAR00020022','5770c68e904ff',NULL,0,0,1467008654),(74,'2','SEMINAR00020023','5770c68e90713',NULL,0,0,1467008654),(75,'2','SEMINAR00020024','5770c68e90957',NULL,0,0,1467008654),(76,'2','SEMINAR00020025','5770c68e90bff',NULL,0,0,1467008654),(77,'2','SEMINAR00020026','5770c68e90ea3',NULL,0,0,1467008654),(78,'2','SEMINAR00020027','5770c68e91139',NULL,0,0,1467008654),(79,'2','SEMINAR00020028','5770c68e913d1',NULL,0,0,1467008654),(80,'2','SEMINAR00020029','5770c68e9169d',NULL,0,0,1467008654),(81,'2','SEMINAR00020030','5770c68e9195a',NULL,0,0,1467008654),(82,'2','SEMINAR00020031','5770c68e91b45',NULL,0,0,1467008654),(83,'2','SEMINAR00020032','5770c68e91d8d',NULL,0,0,1467008654),(84,'2','SEMINAR00020033','5770c68e91fcf',NULL,0,0,1467008654),(85,'2','SEMINAR00020034','5770c68e92210',NULL,0,0,1467008654),(86,'2','SEMINAR00020035','5770c68e92455',NULL,0,0,1467008654),(87,'2','SEMINAR00020036','5770c68e926ab',NULL,0,0,1467008654),(88,'2','SEMINAR00020037','5770c68e9290d',NULL,0,0,1467008654),(89,'2','SEMINAR00020038','5770c68e92b4e',NULL,0,0,1467008654),(90,'2','SEMINAR00020039','5770c68e92d98',NULL,0,0,1467008654),(91,'2','SEMINAR00020040','5770c68e92fdc',NULL,0,0,1467008654),(92,'2','SEMINAR00020041','5770c68e93221',NULL,0,0,1467008654),(93,'2','SEMINAR00020042','5770c68e93463',NULL,0,0,1467008654),(94,'2','SEMINAR00020043','5770c68e936a3',NULL,0,0,1467008654),(95,'2','SEMINAR00020044','5770c68e938fd',NULL,0,0,1467008654),(96,'2','SEMINAR00020045','5770c68e93b3e',NULL,0,0,1467008654),(97,'2','SEMINAR00020046','5770c68e93d7e',NULL,0,0,1467008654),(98,'2','SEMINAR00020047','5770c68e93fbd',NULL,0,0,1467008654),(99,'2','SEMINAR00020048','5770c68e94217',NULL,0,0,1467008654),(100,'2','SEMINAR00020049','5770c68e9445b',NULL,0,0,1467008654),(101,'2','SEMINAR00020050','5770c68e946a0',NULL,0,0,1467008654),(102,'2','SEMINAR00020051','5770c68e948ed',NULL,0,0,1467008654),(103,'2','SEMINAR00020052','5770c68e94b40',NULL,0,0,1467008654),(104,'2','SEMINAR00020053','5770c68e94db4',NULL,0,0,1467008654),(105,'2','SEMINAR00020054','5770c68e9500d',NULL,0,0,1467008654),(106,'2','SEMINAR00020055','5770c68e952be',NULL,0,0,1467008654),(107,'2','SEMINAR00020056','5770c68e9557e',NULL,0,0,1467008654),(108,'2','SEMINAR00020057','5770c68e95896',NULL,0,0,1467008654),(109,'2','SEMINAR00020058','5770c68e95be4',NULL,0,0,1467008654),(110,'2','SEMINAR00020059','5770c68e95f1a',NULL,0,0,1467008654),(111,'2','SEMINAR00020060','5770c68e96220',NULL,0,0,1467008654),(112,'2','SEMINAR00020061','5770c68e964bf',NULL,0,0,1467008654),(113,'2','SEMINAR00020062','5770c68e968e0',NULL,0,0,1467008654),(114,'2','SEMINAR00020063','5770c68e96c77',NULL,0,0,1467008654),(115,'2','SEMINAR00020064','5770c68e96f8e',NULL,0,0,1467008654),(116,'2','SEMINAR00020065','5770c68e97375',NULL,0,0,1467008654),(117,'2','SEMINAR00020066','5770c68e9768b',NULL,0,0,1467008654),(118,'2','SEMINAR00020067','5770c68e978a0',NULL,0,0,1467008654),(119,'2','SEMINAR00020068','5770c68e97aa6',NULL,0,0,1467008654),(120,'2','SEMINAR00020069','5770c68e97ccc',NULL,0,0,1467008654),(121,'2','SEMINAR00020070','5770c68e97eaf',NULL,0,0,1467008654),(122,'2','SEMINAR00020071','5770c68e9806a',NULL,0,0,1467008654),(123,'2','SEMINAR00020072','5770c68e98220',NULL,0,0,1467008654),(124,'2','SEMINAR00020073','5770c68e983d9',NULL,0,0,1467008654),(125,'2','SEMINAR00020074','5770c68e986a3',NULL,0,0,1467008654),(126,'2','SEMINAR00020075','5770c68e98907',NULL,0,0,1467008654),(127,'2','SEMINAR00020076','5770c68e98bab',NULL,0,0,1467008654),(128,'2','SEMINAR00020077','5770c68e98e4e',NULL,0,0,1467008654),(129,'2','SEMINAR00020078','5770c68e990ed',NULL,0,0,1467008654),(130,'2','SEMINAR00020079','5770c68e9938f',NULL,0,0,1467008654),(131,'3','SEMINAR00030000','5770ca6d37f76',NULL,1,0,1467009645),(132,'3','SEMINAR00030001','5770ca6d381f3',NULL,1,0,1467009645),(133,'3','SEMINAR00030002','5770ca6d3869d',NULL,0,0,1467009645),(134,'3','SEMINAR00030003','5770ca6d38a07',NULL,0,0,1467009645),(135,'3','SEMINAR00030004','5770ca6d38c67',NULL,0,0,1467009645),(136,'3','SEMINAR00030005','5770ca6d38f2c',NULL,0,0,1467009645),(137,'3','SEMINAR00030006','5770ca6d391d6',NULL,0,0,1467009645),(138,'3','SEMINAR00030007','5770ca6d39494',NULL,0,0,1467009645),(139,'3','SEMINAR00030008','5770ca6d3974b',NULL,0,0,1467009645),(140,'3','SEMINAR00030009','5770ca6d39a74',NULL,0,0,1467009645),(141,'3','SEMINAR00030010','5770ca6d39dc3',NULL,0,0,1467009645),(142,'3','SEMINAR00030011','5770ca6d3a09f',NULL,0,0,1467009645),(143,'3','SEMINAR00030012','5770ca6d3a2ee',NULL,0,0,1467009645),(144,'3','SEMINAR00030013','5770ca6d3a63a',NULL,0,0,1467009645),(145,'3','SEMINAR00030014','5770ca6d3a8a6',NULL,0,0,1467009645),(146,'3','SEMINAR00030015','5770ca6d3abbd',NULL,0,0,1467009645),(147,'3','SEMINAR00030016','5770ca6d3ae54',NULL,0,0,1467009645),(148,'3','SEMINAR00030017','5770ca6d3b0e2',NULL,0,0,1467009645),(149,'3','SEMINAR00030018','5770ca6d3b36c',NULL,0,0,1467009645),(150,'3','SEMINAR00030019','5770ca6d3b5ed',NULL,0,0,1467009645),(151,'3','SEMINAR00030020','5770ca6d3b86e',NULL,0,0,1467009645),(152,'3','SEMINAR00030021','5770ca6d3baff',NULL,0,0,1467009645),(153,'3','SEMINAR00030022','5770ca6d3bd31',NULL,0,0,1467009645),(154,'3','SEMINAR00030023','5770ca6d3bf77',NULL,0,0,1467009645),(155,'3','SEMINAR00030024','5770ca6d3c1ce',NULL,0,0,1467009645),(156,'3','SEMINAR00030025','5770ca6d3c420',NULL,0,0,1467009645),(157,'3','SEMINAR00030026','5770ca6d3c6f1',NULL,0,0,1467009645),(158,'3','SEMINAR00030027','5770ca6d3c960',NULL,0,0,1467009645),(159,'3','SEMINAR00030028','5770ca6d3cc49',NULL,0,0,1467009645),(160,'3','SEMINAR00030029','5770ca6d3cf5c',NULL,0,0,1467009645),(161,'4','SEMINAR00040000','5770cb57c2e1d',NULL,0,0,1467009879),(162,'4','SEMINAR00040001','5770cb57c31af',NULL,0,0,1467009879),(163,'4','SEMINAR00040002','5770cb57c349e',NULL,0,0,1467009879),(164,'4','SEMINAR00040003','5770cb57c37f7',NULL,0,0,1467009879),(165,'4','SEMINAR00040004','5770cb57c3a24',NULL,0,0,1467009879),(166,'4','SEMINAR00040005','5770cb57c3c38',NULL,0,0,1467009879),(167,'4','SEMINAR00040006','5770cb57c3f0b',NULL,0,0,1467009879),(168,'4','SEMINAR00040007','5770cb57c4150',NULL,0,0,1467009879),(169,'4','SEMINAR00040008','5770cb57c44bf',NULL,0,0,1467009879),(170,'4','SEMINAR00040009','5770cb57c4715',NULL,0,0,1467009879),(171,'4','SEMINAR00040010','5770cb57c493c',NULL,0,0,1467009879),(172,'4','SEMINAR00040011','5770cb57c4bcd',NULL,0,0,1467009879),(173,'4','SEMINAR00040012','5770cb57c4e4e',NULL,0,0,1467009879),(174,'4','SEMINAR00040013','5770cb57c5131',NULL,0,0,1467009879),(175,'4','SEMINAR00040014','5770cb57c53a1',NULL,0,0,1467009879),(176,'4','SEMINAR00040015','5770cb57c56d3',NULL,0,0,1467009879),(177,'4','SEMINAR00040016','5770cb57c5ae3',NULL,0,0,1467009879),(178,'4','SEMINAR00040017','5770cb57c5de4',NULL,0,0,1467009879),(179,'4','SEMINAR00040018','5770cb57c60a4',NULL,0,0,1467009879),(180,'4','SEMINAR00040019','5770cb57c634b',NULL,0,0,1467009879),(181,'4','SEMINAR00040020','5770cb57c67ce',NULL,0,0,1467009879),(182,'4','SEMINAR00040021','5770cb57c6b97',NULL,0,0,1467009879),(183,'4','SEMINAR00040022','5770cb57c6ed5',NULL,0,0,1467009879),(184,'4','SEMINAR00040023','5770cb57c7237',NULL,0,0,1467009879),(185,'4','SEMINAR00040024','5770cb57c759f',NULL,0,0,1467009879),(186,'4','SEMINAR00040025','5770cb57c7936',NULL,0,0,1467009879),(187,'4','SEMINAR00040026','5770cb57c7d52',NULL,0,0,1467009879),(188,'4','SEMINAR00040027','5770cb57c8107',NULL,0,0,1467009879),(189,'4','SEMINAR00040028','5770cb57c8595',NULL,0,0,1467009879),(190,'4','SEMINAR00040029','5770cb57c89e5',NULL,0,0,1467009879),(191,'4','SEMINAR00040030','5770cb57c8ce5',NULL,0,0,1467009879),(192,'4','SEMINAR00040031','5770cb57c8f8f',NULL,0,0,1467009879),(193,'4','SEMINAR00040032','5770cb57c92e2',NULL,0,0,1467009879),(194,'4','SEMINAR00040033','5770cb57c9596',NULL,0,0,1467009879),(195,'4','SEMINAR00040034','5770cb57c9833',NULL,0,0,1467009879),(196,'4','SEMINAR00040035','5770cb57c9b47',NULL,0,0,1467009879),(197,'4','SEMINAR00040036','5770cb57c9e72',NULL,0,0,1467009879),(198,'4','SEMINAR00040037','5770cb57ca0b5',NULL,0,0,1467009879),(199,'4','SEMINAR00040038','5770cb57ca347',NULL,0,0,1467009879),(200,'4','SEMINAR00040039','5770cb57ca5dd',NULL,0,0,1467009879),(201,'4','SEMINAR00040040','5770cb57ca97d',NULL,0,0,1467009879),(202,'4','SEMINAR00040041','5770cb57cad59',NULL,0,0,1467009879),(203,'4','SEMINAR00040042','5770cb57cb066',NULL,0,0,1467009879),(204,'4','SEMINAR00040043','5770cb57cb3ab',NULL,0,0,1467009879),(205,'4','SEMINAR00040044','5770cb57cb64d',NULL,0,0,1467009879),(206,'4','SEMINAR00040045','5770cb57cb907',NULL,0,0,1467009879),(207,'4','SEMINAR00040046','5770cb57cbba4',NULL,0,0,1467009879),(208,'4','SEMINAR00040047','5770cb57cbe42',NULL,0,0,1467009879),(209,'4','SEMINAR00040048','5770cb57cc127',NULL,0,0,1467009879),(210,'4','SEMINAR00040049','5770cb57cc460',NULL,0,0,1467009879),(211,'4','SEMINAR00040050','5770cb57cc889',NULL,0,0,1467009879),(212,'4','SEMINAR00040051','5770cb57ccc59',NULL,0,0,1467009879),(213,'4','SEMINAR00040052','5770cb57cd021',NULL,0,0,1467009879),(214,'4','SEMINAR00040053','5770cb57cd406',NULL,0,0,1467009879),(215,'4','SEMINAR00040054','5770cb57cd6e9',NULL,0,0,1467009879),(216,'4','SEMINAR00040055','5770cb57cd9ce',NULL,0,0,1467009879),(217,'4','SEMINAR00040056','5770cb57cdc8f',NULL,0,0,1467009879),(218,'4','SEMINAR00040057','5770cb57cdf4f',NULL,0,0,1467009879),(219,'4','SEMINAR00040058','5770cb57ce2fb',NULL,0,0,1467009879),(220,'4','SEMINAR00040059','5770cb57ce68f',NULL,0,0,1467009879),(221,'4','SEMINAR00040060','5770cb57ce9d1',NULL,0,0,1467009879),(222,'4','SEMINAR00040061','5770cb57ced1a',NULL,0,0,1467009879),(223,'4','SEMINAR00040062','5770cb57cf090',NULL,0,0,1467009879),(224,'4','SEMINAR00040063','5770cb57cf3d7',NULL,0,0,1467009879),(225,'4','SEMINAR00040064','5770cb57cf712',NULL,0,0,1467009879),(226,'4','SEMINAR00040065','5770cb57cfa50',NULL,0,0,1467009879),(227,'4','SEMINAR00040066','5770cb57cfd7d',NULL,0,0,1467009879),(228,'4','SEMINAR00040067','5770cb57d00e1',NULL,0,0,1467009879),(229,'4','SEMINAR00040068','5770cb57d043b',NULL,0,0,1467009879),(230,'4','SEMINAR00040069','5770cb57d0780',NULL,0,0,1467009879),(231,'4','SEMINAR00040070','5770cb57d0abb',NULL,0,0,1467009879),(232,'4','SEMINAR00040071','5770cb57d0dfe',NULL,0,0,1467009879),(233,'4','SEMINAR00040072','5770cb57d1112',NULL,0,0,1467009879),(234,'4','SEMINAR00040073','5770cb57d153c',NULL,0,0,1467009879),(235,'4','SEMINAR00040074','5770cb57d199a',NULL,0,0,1467009879),(236,'4','SEMINAR00040075','5770cb57d1e83',NULL,0,0,1467009879),(237,'4','SEMINAR00040076','5770cb57d2686',NULL,0,0,1467009879),(238,'4','SEMINAR00040077','5770cb57d2b31',NULL,0,0,1467009879),(239,'4','SEMINAR00040078','5770cb57d2e8e',NULL,0,0,1467009879),(240,'4','SEMINAR00040079','5770cb57d3150',NULL,0,0,1467009879),(241,'4','SEMINAR00040080','5770cb57d3343',NULL,0,0,1467009879),(242,'4','SEMINAR00040081','5770cb57d354e',NULL,0,0,1467009879),(243,'4','SEMINAR00040082','5770cb57d3746',NULL,0,0,1467009879),(244,'4','SEMINAR00040083','5770cb57d3936',NULL,0,0,1467009879),(245,'4','SEMINAR00040084','5770cb57d3b34',NULL,0,0,1467009879),(246,'4','SEMINAR00040085','5770cb57d3d1d',NULL,0,0,1467009879),(247,'4','SEMINAR00040086','5770cb57d3f64',NULL,0,0,1467009879),(248,'4','SEMINAR00040087','5770cb57d42e2',NULL,0,0,1467009879),(249,'4','SEMINAR00040088','5770cb57d4591',NULL,0,0,1467009879),(250,'4','SEMINAR00040089','5770cb57d47b8',NULL,0,0,1467009879),(251,'5','SEMINAR00050000','5770d32c7703c',NULL,0,0,1467011884),(252,'5','SEMINAR00050001','5770d32c7735f',NULL,0,0,1467011884),(253,'5','SEMINAR00050002','5770d32c77678',NULL,0,0,1467011884),(254,'5','SEMINAR00050003','5770d32c77939',NULL,0,0,1467011884),(255,'5','SEMINAR00050004','5770d32c77bda',NULL,0,0,1467011884),(256,'5','SEMINAR00050005','5770d32c77e55',NULL,0,0,1467011884),(257,'5','SEMINAR00050006','5770d32c78058',NULL,0,0,1467011884),(258,'5','SEMINAR00050007','5770d32c78362',NULL,0,0,1467011884),(259,'5','SEMINAR00050008','5770d32c78658',NULL,0,0,1467011884),(260,'5','SEMINAR00050009','5770d32c7890e',NULL,0,0,1467011884);
/*!40000 ALTER TABLE `ticket_manual` ENABLE KEYS */;
UNLOCK TABLES;

--
-- Table structure for table `user`
--

DROP TABLE IF EXISTS `user`;
/*!40101 SET @saved_cs_client     = @@character_set_client */;
/*!40101 SET character_set_client = utf8 */;
CREATE TABLE `user` (
  `id_user` int(11) NOT NULL AUTO_INCREMENT,
  `nama_user` varchar(75) NOT NULL,
  `email_user` varchar(150) NOT NULL,
  `telp_user` varchar(15) DEFAULT NULL,
  `kategori_user` varchar(15) NOT NULL,
  `username_user` varchar(75) NOT NULL,
  `password` varchar(300) NOT NULL,
  `create_date` datetime NOT NULL,
  `update_date` datetime DEFAULT NULL,
  PRIMARY KEY (`id_user`)
) ENGINE=InnoDB AUTO_INCREMENT=2 DEFAULT CHARSET=latin1;
/*!40101 SET character_set_client = @saved_cs_client */;

--
-- Dumping data for table `user`
--

LOCK TABLES `user` WRITE;
/*!40000 ALTER TABLE `user` DISABLE KEYS */;
INSERT INTO `user` VALUES (1,'Ariep Nurhidayat','arip.nurhidayat@gmail.com','083897510605','admin','ariep','ZGI2OWZjMDM5ZGNiZDI5NjJjYjRkMjhmNTg5MWFhZTE=','2016-06-03 23:40:30','2016-06-04 23:59:40');
/*!40000 ALTER TABLE `user` ENABLE KEYS */;
UNLOCK TABLES;
/*!40103 SET TIME_ZONE=@OLD_TIME_ZONE */;

/*!40101 SET SQL_MODE=@OLD_SQL_MODE */;
/*!40014 SET FOREIGN_KEY_CHECKS=@OLD_FOREIGN_KEY_CHECKS */;
/*!40014 SET UNIQUE_CHECKS=@OLD_UNIQUE_CHECKS */;
/*!40101 SET CHARACTER_SET_CLIENT=@OLD_CHARACTER_SET_CLIENT */;
/*!40101 SET CHARACTER_SET_RESULTS=@OLD_CHARACTER_SET_RESULTS */;
/*!40101 SET COLLATION_CONNECTION=@OLD_COLLATION_CONNECTION */;
/*!40111 SET SQL_NOTES=@OLD_SQL_NOTES */;

-- Dump completed on 2016-06-30  4:29:15
